<?xml version="1.0" encoding="utf-8"?>
<IconStyle xmlns:xsd="http://www.w3.org/2001/XMLSchema" xmlns:xsi="http://www.w3.org/2001/XMLSchema-instance">
  <Name>Flat White</Name>
  <BackColor>#FFFFFF</BackColor>
  <BorderType>None</BorderType>
  <BorderColor>0</BorderColor>
  <BorderSize>1</BorderSize>
  <IconShape>None</IconShape>
  <IconShapeColor>#FFFFFF</IconShapeColor>
  <TextFont>BankGothic Lt BT</TextFont>
  <TextFontSize>11</TextFontSize>
  <TextColor>#000000</TextColor>
  <TextAlign>MiddleCenter</TextAlign>
  <ShadowType>None</ShadowType>
  <ShadowColor>#A9A9A9</ShadowColor>
</IconStyle>